{
  "MAE": 2212.3443955733646,
  "RMSE": 3480.801575220187,
  "R2": 0.9434844656174902,
  "rMAPE": 0.12041826891085372,
  "n": 2000
}