{
  "MAE": 1686.2658674627,
  "RMSE": 2528.4393169925993,
  "R2": 0.9705008724150458,
  "rMAPE": 0.06849609745070756,
  "n": 874441
}