MAE,RMSE,R2,rMAPE,model
3082.384021271519,5441.434718226761,0.8689986888955736,0.1386713944005522,Random Forest
3286.5842425641636,5676.564912064759,0.8574326711870965,0.13997223449161372,Linear Regression
3358.2695689280304,5891.582451597049,0.8464277611663117,0.14452297434956388,Gradient Boosting
11963.638518929753,15130.517667336857,-0.012876207713099053,0.9706175088782468,Median Baseline
